Unnamed: 0,date,words,meaning,example,classes,last_changes_of_class,date_becoming,recalling
0.0,2022-12-28,rate                     , the measurment of the speed,"At the rate you work, you'll never finish!",5,2024-05-23,2222-02-02,0
1.0,2022-12-28,sheet                    , a large piece of thin cloth used on a bed to lie on or lie under,Have you changed the sheets,5,2024-05-23,2222-02-02,1
2.0,2022-12-28,accommodation            ," a place to live, work or stay in",Hotel accommodation is included in the price of your holiday.,5,2024-05-23,2222-02-02,2
3.0,2022-12-28,bride                    , a woman on her wedding day,a toast to the bride and groom,5,2024-05-23,2222-02-02,0
4.0,2022-12-28,bury                     , to hide something in the ground,They killed her and buried her body,5,2024-05-23,2222-02-02,1
5.0,2022-12-28,charge                   , duty or amount of money,do you charge for a haircut and blow-dry?,5,2024-05-23,2222-02-02,2
6.0,2022-12-28,commercial               ,connected with the buying and selling of goods and services,residential and commercial properties,5,2024-05-23,2222-02-02,2
7.0,2022-12-28,confirm                  ,to state or show that something is definitely true,to confirm a diagnosis/report,5,2024-05-23,2222-02-02,0
8.0,2022-12-28,consume                  ,to eat or drink something or to use something,The electricity industry consumes large amounts of fossil fuels,5,2024-05-23,2222-02-02,1
9.0,2022-12-28,convince                 ,to make somebody/yourself believe that something is true,I'd be very surprised if this argument convinces anybody,5,2024-05-23,2222-02-02,0
10.0,2022-12-28,cruel                    ,causing physical or mental pain and making somebody suffer,He was known to be a cruel dictator.,5,2024-05-23,2222-02-02,1
11.0,2022-12-28,currency                 ,the system of money that a country uses,trading in foreign currencies,5,2024-05-23,2222-02-02,1
12.0,2022-12-28,fancy                    ,to want something or want to do something,Do you fancy going out this evening?,5,2024-05-23,2222-02-02,2
13.0,2022-12-28,priest                   ,a person who is qualified to perform religious duties and,priest cries in the church,5,2024-05-23,2222-02-02,2
14.0,2022-12-28,promote                ,"to help sell a product, service, etc. or make it more popular by advertising it or offering it",serviece of promotion,5,2024-05-23,2222-02-02,0
15.0,2022-12-28,reliable ,that can be trusted to do something well,We are looking for someone who is reliable and hard-working,5,2024-05-23,2222-02-02,2
16.0,2022-12-28, revise ,"to change your opinions or plans, for example because of something you have learned",I can see I will have to revise my opinions of his abilities now,5,2024-05-23,2222-02-02,-1
17.0,2022-12-28,shell                    ,"the hard outer part of eggs, nuts, some seeds, and some animals",earrings made out of coconut shell,5,2024-05-23,2222-02-02,-1
18.0,2022-12-28,shift                    ,"a change in opinion, mood, policy/ period of work",do not let them shift your mind/kirill worked night shift,5,2024-05-23,2222-02-02,0
19.0,2022-12-28,soil                     ,"the top layer of the earth in which plants, trees, etc. grow","this is nice soil, bury",5,2024-05-23,2222-02-02,0
20.0,2022-12-28,tend                     ,to be likely to do something or to happen in a particular way because this is what often or usually happens,"Women tend to live longer than men/When I'm tired, I tend to make mistakes.",5,2024-05-23,2222-02-02,0
21.0,2022-12-28,tin                      ,a closed metal container in which food is sold:,"a tin of beans
piles of soup tins/ father ear tins when he was in the army",5,2024-05-23,2222-02-02,1
22.0,2022-12-28,weigh                    ,to have a particular weight,She weighs 60 kilos,5,2024-05-23,2222-02-02,0
23.0,2022-12-28,absorb                   ,"to take something in, especially gradually:",Plants absorb carbon dioxide.,5,2024-05-23,2222-02-02,-1
24.0,2022-12-28,accent  ,b2a way of pronouncing the words,she has french accent,5,2024-05-23,2222-02-02,0
25.0,2022-12-28,accountant               ,a person whose job is to keep or check financial accounts,We talked to the company’s chief accountant.,5,2024-05-23,2222-02-02,0
26.0,2022-12-28,accuse,to say that somebody has done something wrong or is guilty of something,accuse somebody of murder/a crime,5,2024-05-23,2222-02-02,2
27.0,2022-12-28,acquire ,"to gain something by your own efforts, ability or behaviour",She has acquired a good knowledge of English,5,2024-05-23,2222-02-02,1
28.0,2022-12-28,adopt   ,to take somebody else’s child into your family and become its legal parent(s) / to formally accept a suggestion or policy by voting,The police adopted tighter security measures. / She was forced to have her baby adopted.,5,2024-05-23,2222-02-02,0
29.0,2022-12-28,affair                   ,"events that are of public interest or political importance / a sexual relationship between two people, usually when one or both of them are already in a relationship with somebody else / an object that is unusual or difficult to describe",world/international affairs / It's the story of a secret affair between a married teacher and her teenage student,5,2024-05-23,2222-02-02,2
30.0,2022-12-28,shore                  ,"the land along the edge of the sea, the ocean or a lake",on the shore Rubbish of all sorts is washed up on the shore.,5,2024-05-23,2222-02-02,1
31.0,2022-12-28,sincere                  ,showing what you really think or feel,a sincere apology,5,2024-05-23,2222-02-02,1
32.0,2022-12-28,spare                    ,available to do what you want with rather than work/ not used/needed,"He's studying music in his spare time/We've got a spare bedroom, if you'd like to stay",5,2024-05-23,2222-02-02,1
33.0,2022-12-28,spectacular           ,very impressive,Messi scored a spectacular goal,5,2024-05-23,2222-02-02,1
34.0,2022-12-28,spill                    ,to flow over the edge of a container by accident; to make liquid do this,Water had spilled out of the bucket onto the floor,5,2024-05-23,2222-02-02,2
35.0,2022-12-28,spite                    ,a feeling of wanting to hurt or upset somebody,I'm sure he only said it out of spite,5,2024-05-23,2222-02-02,-1
36.0,2022-12-28,stable                   ,"fixed or steady; not likely to move, change or fai",This ladder doesn't seem very stable,5,2024-05-23,2222-02-02,1
37.0,2022-12-28,stall  ,"a table or small shop with an open front that people sell things from, especially at a market",They have a fish stall on the market.,5,2024-05-23,2222-02-02,2
38.0,2022-12-28,stiff                    ,difficult to bend/move OR / not friendly,The windows were stiff and she couldn't get them open,5,2024-05-23,2222-02-02,1
39.0,2022-12-28,suburb                 ,an area where people live that is outside the centre of a city,We drove from middle-class suburbs to a very poor inner-city area,5,2024-05-23,2222-02-02,2
40.0,2022-12-28,sufficient ,enough for a particular purpose; as much as you need,Allow sufficient time to get there,5,2024-05-23,2222-02-02,0
,2022-12-29,suspend                  ,to officially stop something or somebody for a time/to hang something from something else,Production has been suspended while safety checks are carried out/A lamp was suspended from the ceiling.,5,2024-05-23,2222-02-02,2
,2022-12-29,sweep                    ,to clean a room/push something with a lot of force,to sweep the floor/ the little boat was swept out to sea,5,2024-05-23,2222-02-02,2
,2022-12-29,tackle                   ,to make a determined effort to deal with a difficult problem or situation,Firefighters tackled a blaze in a garage last night,5,2024-05-23,2222-02-02,1
,2022-12-29,tale ,a story,The story is a classic tale of love and betrayal.,5,2024-05-23,2222-02-02,1
,2022-12-29,tension                  ,"a situation in which people do not trust each other, or feel unfriendly",Family tensions and conflicts may lead to violence,5,2024-05-23,2222-02-02,2
,2022-12-29,thorough                 ,done completely; with great attention to detail,a thorough knowledge of the subject,5,2024-05-23,2222-02-02,2
,2022-12-29,tissue                   ,"a piece of soft paper, used especially as a handkerchief",a box of tissues,5,2024-05-23,2222-02-02,1
,2022-12-29,trace       ,to find or discover somebody/something by looking carefully for them/it  OR / gentally touch,We finally traced him to an address in Chicago /She lightly traced the outline of his face with her finger,5,2024-05-23,2222-02-02,0
,2022-12-30,trait                    ,a particular quality in your personality,Arrogance is a very unattractive personality/character trait.,5,2024-05-23,2222-02-02,1
,2022-12-30,trial                    ,"to decide if somebody accused of a crime is guilty or not / the process of testing the ability, quality / competitions", on trial He's on trial for murder./ She agreed to employ me for a trial period./Olympic trials,5,2024-05-23,2222-02-02,0
,2022-12-30,tribe                   ,"a group or class of people, especially of one profession",He had a sudden outburst against the whole tribe of actors,5,2024-05-23,2222-02-02,-1
,2022-12-30,tune                     ,a series of musical notes that are sung or played in a particular order to form a piece of music,I can play a few tunes on the piano.,5,2024-05-23,2222-02-02,0
,2022-12-30,ultimate                 ,"happening at the end of a long process/most extreme; best, worst, greatest, most important, etc.",We will accept ultimate responsibility for whatever happens./This race will be the ultimate test of your skill,5,2024-05-23,2222-02-02,1
,2022-12-30,undergo                ,"to experience something, especially a change or something unpleasant",Some children undergo (complete transformation when they become teenagers.),5,2024-05-23,2222-02-02,1
,2022-12-30,undertake            ,to make yourself responsible for something and start doing it,to undertake a task/project,5,2024-05-23,2222-02-02,2
,2022-12-30,unfold                  , to become open and flat,to unfold a map,5,2024-05-23,2222-02-02,1
,2022-12-30,urge              ,to advise or try hard to persuade somebody to do something," urge somebody to do something If you ever get the chance to visit this place, I strongly urge you to do so.",5,2024-05-23,2222-02-02,0
,2022-12-30,vary,"to be different from each other in size, shape, etc.",New techniques were introduced with varying degrees of success.,5,2024-05-23,2222-02-02,2
,2022-12-31,venue                    ,the place where a public event or meeting happens:,The hotel is an ideal venue for conferences and business meetings.,5,2024-05-23,2222-02-02,1
,2022-12-31,wage                     ,"a regular amount of money that you earn, usually every week or every month, for work or services",a weekly wage of £300,5,2024-05-23,2222-02-02,1
,2022-12-31,wander                   ,"to walk slowly around or to a place, often without any particular sense of purpose or direction",We wandered back towards the car.,5,2024-05-23,2222-02-02,2
,2022-12-31,wealth                   ,"a large amount of money, property, etc. that a person or country owns",the desire to gain wealth and power,5,2024-05-23,2222-02-02,0
,2022-12-31,welfare                  ,"the general health, happiness and safety of a person, an animal or a group",We are concerned about the child's welfare.,5,2024-05-23,2222-02-02,0
,2022-12-31,wheat                    ,"a plant whose yellowish-brown grain is used for making flour, or the grain itself:",wheat flour,5,2024-05-23,2222-02-02,0
,2022-12-31,wound                    ,"an injury to part of the body, especially one in which a hole is made in the skin using a weapon",a bullet/knife/shrapnel wound,5,2024-05-23,2222-02-02,0
,2022-12-31,wrist                    ,the joint between the hand and the arm,She's broken her wrist.,5,2024-05-23,2222-02-02,2
,2022-12-31,abolish     ,to end an activity or custom officially:,I think bullfighting should be abolished.,5,2024-05-23,2222-02-02,1
,2023-01-03,massacre,the killing of a large number of people especially in a cruel way,the bloody massacre of innocent civilians,5,2024-05-23,2222-02-02,0
,2023-01-03,liable,legally responsible for paying the cost of something / likely to do something,You will be liable for any damage caused. / We're all liable to make mistakes when we're tired.,5,2024-05-23,2222-02-02,2
,2023-01-03,attain,"to succeed in getting something, usually after a lot of effort",Most of our students attained five ‘A’ grades in their exams.,5,2024-05-23,2222-02-02,-1
,2023-01-03,footage,part of a film showing a particular event,old film footage of the moon landing,5,2024-05-23,2222-02-02,0
,2023-01-03,disturbing,making you feel anxious and upset or shocked,a disturbing piece of news,5,2024-05-23,2222-02-02,2
,2023-01-03,allegedly,expressed as though something is a fact but without giving any proof,crimes allegedly committed during the war,5,2024-05-23,2222-02-02,2
,2023-01-03,compelling,that makes you pay attention to it because it is so interesting and exciting,Her latest book makes compelling reading,5,2024-05-23,2222-02-02,0
,2023-01-03,niche,"a comfortable or suitable role, job, way of life, etc",He eventually found his niche in sports journalism.,5,2024-05-23,2222-02-02,-1
,2023-01-03,devastate,to completely destroy a place or an area,The bomb devastated much of the old part of the city.,5,2024-05-23,2222-02-02,1
,2023-01-03,unveil,"to show or introduce a new plan, product, etc. to the public for the first time",The government has unveiled plans for new energy legislation.,5,2024-05-23,2222-02-02,1
,2023-01-03,lap,the top part of your legs that forms a flat surface when you are sitting down,you'll have to sit on my lap.,5,2024-05-23,2222-02-02,1
,2023-01-04,stir,"mix / to move, or to make something move, slightly / to make somebody excited or make them feel something strongly",She stirred her tea. / She heard the baby stir in the next room. / It's a book that really stirs the imagination,5,2024-05-23,2222-02-02,-1
,2023-01-04,preservation,the act of keeping something in its original state or in good condition,building/environmental/food preservation,5,2024-05-23,2222-02-02,0
,2023-01-04,spouse,a husband or wife,Fill in your spouse’s name here.,5,2024-05-23,2222-02-02,0
,2023-01-04,utility,"a service provided for the public, for example an electricity, water or gas supply",a privatized electricity utility,5,2024-05-23,2222-02-02,0
,2023-01-04,verse,a group of lines that form a unit in a poem or song,"
a hymn with six verses",5,2024-05-23,2222-02-02,0
,2023-01-04,venture,"a business project or activity, especially one that involves taking risks",A disastrous business venture lost him thousands of dollars.,5,2024-05-23,2222-02-02,-1
,2023-01-04,contractor,a person or company that has a contract to do work or provide goods or services for another company,a building/roofing/electrical contractor,5,2024-05-23,2222-02-02,-1
,2023-01-04,weave,"c1[transitive, intransitive]to make cloth, a carpet, a basket, etc. by crossing threads or narrow pieces of material across, over and under each other by hand or on a machine called a loom",Most spiders weave webs that are almost invisible.,5,2024-05-23,2222-02-02,-1
,2023-01-04,refusal,"an act of saying or showing that you will not do, give or accept something",the refusal of a request/an invitation/an offer,5,2024-05-23,2222-02-02,0
,2023-01-04,interfere,"to get involved in and try to influence a situation that should not really involve you, in a way that annoys other people",I wish my mother would stop interfering and let me make my own decisions.,5,2024-05-23,2222-02-02,2
,2023-01-04,chronic,c1lasting for a long time; difficult to cure,chronic bronchitis/arthritis/asthma,5,2024-05-23,2222-02-02,0
,2023-01-07,preach,"to give a religious talk in a public place, especially in a church during a service",She preached to the congregation about forgiveness,5,2024-05-23,2222-02-02,2
,2023-01-07,adoption,"the decision to start using something such as an idea, a plan or a name",The committee recommended the adoption of new safety procedures.,5,2024-05-23,2222-02-02,2
,2023-01-07,pond,"a small area of still water, especially one that is artificial",a fish pond,5,2024-05-23,2222-02-02,2
,2023-01-07,subscription,"an amount of money that you pay regularly to receive a service, be a member of a club, support a charity or receive regular copies of a newspaper or magazine; the act of paying this money",an annual subscription,5,2024-05-23,2222-02-02,0
,2023-01-07,desirable,that you would like to have or do; worth having or doing,She chatted for a few minutes about the qualities she considered desirable in a secretary,5,2024-05-23,2222-02-02,2
,2023-01-07,plea,"a serious emotional request, especially for something needing action now",plea for something She made an impassioned plea for help,5,2024-05-23,2222-02-02,0
,2023-01-07,parental,connected with a parent or parents,parental responsibility/rights,5,2024-05-23,2222-02-02,2
,2023-01-07,outing,"a trip that you go on for pleasure or education, usually with a group of people and lasting no more than one day",a family outing,5,2024-05-23,2222-02-02,0
,2023-01-07,carriage,a separate section of a train for carrying passengers,a railway carriage,5,2024-05-23,2222-02-02,0
,2023-01-07,feat,"an action or a piece of work that needs skill, strength or courage",The tunnel is a remarkable feat of engineering.,5,2024-05-23,2222-02-02,0
,2023-01-07,rear,at the back of something:,There's a sticker on the rear door/window.,5,2024-05-23,2222-02-02,-1
,2023-01-07,probe,a complete and careful investigation of something,a police probe into the financial affairs of the company,5,2024-05-23,2222-02-02,0
,2023-01-07,accordance,according to a rule or the way that somebody says that something should be done,in accordance with legal requirements,5,2024-05-23,2222-02-02,1
,2023-01-07,congregation ,"a group or collection of people, animals or things",Large congregations of birds may cause public harm.,5,2024-05-23,2222-02-02,2
,2023-01-08,overlook,"to fail to see or notice something/to see something wrong or bad but decide to ignore it/if a building, etc. overlooks a place, you can see that place from the building",He seems to have overlooked one important fact./We could not afford to overlook such a serious offence./a restaurant overlooking the lake,5,2024-05-23,2222-02-02,0
,2023-01-08,pit,a large deep hole in the ground,We dug a deep pit in the yard.,5,2024-05-23,2222-02-02,2
,2023-01-08,humble,showing you do not think that you are as important as other people,Be humble enough to learn from your mistakes.,5,2024-05-23,2222-02-02,0
,2023-01-08,prescribe,"to tell somebody to take a particular medicine or have a particular treatment; to write a prescription for a particular medicine, etc.",prescribe something Valium is usually prescribed to treat anxiety.,5,2024-05-23,2222-02-02,0
,2023-01-08,genocide,"the murder of a large number of people from a particular nation or ethnic group, with the aim of destroying that nation or group",Refugees gave accounts of the mass genocide.,5,2024-05-23,2222-02-02,0
,2023-01-08,rifle,a gun with a long barrel which you hold to your shoulder to fire,a hunting rifle,5,2024-05-23,2222-02-02,0
,2023-01-08,kidney,either of the two organs in the body that remove waste products from the blood and produce urine,a kidney infection,5,2024-05-23,2222-02-02,0
,2023-01-08,interim,intended to last for only a short time until somebody/something more permanent is found,an interim government/measure/report,5,2024-05-23,2222-02-02,0
,2023-01-08,flee,"to leave a person or place very quickly, especially because you are afraid of possible danger",She burst into tears and fled.,5,2024-05-23,2222-02-02,0
,2023-01-08,capability,the ability or qualities necessary to do something,Age affects the range of a person's capabilities.,5,2024-05-23,2222-02-02,0
,2023-01-08,benchmark,a level of quality that can be used as a standard when comparing other things:,Tests at the age of seven provide a benchmark against which the child's progress at school can be measured.,5,2024-05-23,2222-02-02,1
,2023-01-10,deputy,"a person who is the next most important person below a business manager, a head of a school, a political leader, etc. and who does that person’s job when they are away",I'm acting as deputy till the manager returns.,5,2024-05-23,2222-02-02,2
,2023-01-10,compute,to calculate something,The losses were computed at £5 million.,5,2024-05-23,2222-02-02,-1
,2023-01-10,tenant,"a person who pays rent for the use of a room, building, land, etc. to the person who owns it",They had evicted their tenants for non-payment of rent.,5,2024-05-23,2222-02-02,0
,2023-01-10,warehouse,"a building where large quantities of goods are stored, especially before they are sent to shops to be sold",Police are investigating a fire at a furniture warehouse.,5,2024-05-23,2222-02-02,1
,2023-01-10,magistrate,a person who acts as a judge in a law court that deals with crimes that are less serious:,He will appear before the magistrates tomorrow.,5,2024-05-23,2222-02-02,0
,2023-01-10,civic,officially connected with a town or city/,civic buildings/leaders,5,2024-05-23,2222-02-02,2
,2023-01-10,intact,complete and not damaged,Most of the house remains intact even after two hundred years.,5,2024-05-23,2222-02-02,-1
,2023-01-10,interference,"the act of getting involved in and trying to influence a situation that should not really involve you, in a way that annoys other people",They resent foreign interference in the internal affairs of their country.,5,2024-05-23,2222-02-02,0
,2023-01-10,suburban,in or connected with a suburb,suburban areas,5,2024-05-23,2222-02-02,2
,2023-01-10,successive,following immediately one after the other,This was their fourth successive win.,5,2024-05-23,2222-02-02,2
,2023-01-10,accumulation,the process of gradually increasing or getting more and more of something over a period of time,the accumulation of wealth,5,2024-05-23,2222-02-02,0
,2023-01-10,surveillance,the act of carefully watching a person suspected of a crime or a place where a crime may be committed,The police are keeping the suspects under constant surveillance.,5,2024-05-23,2222-02-02,2
,2023-01-10,virtue,behaviour or attitudes that show high moral standards,He led a life of virtue.,5,2024-05-23,2222-02-02,1
,2023-01-10,marine,connected with the sea and the creatures and plants that live there,marine life,5,2024-05-23,2222-02-02,2
,2023-01-10,militia,a group of people who are not professional soldiers but who have had military training and can act as an army,He said he would call out the state militia if the rebels did not surrender.,5,2024-05-23,2222-02-02,0
,2023-01-10,disposal,the act of getting rid of something,The council is responsible for waste disposal and street cleaning.,5,2024-05-23,2222-02-02,1
,2023-01-10,council,a group of people who are elected to govern an area such as a city or county,The decision still has to be ratified by the full council.,5,2024-05-23,2222-02-02,0
,2023-01-11,compliance,the practice of obeying rules or requests made by people in authority, in compliance with something Safety measures were carried out in compliance with paragraph 6 of the building regulations.,5,2024-05-23,2222-02-02,0
,2023-01-11,solicitor,"a lawyer who prepares legal documents, for example for the sale of land or buildings, advises people on legal matters, and can speak for them in some courts of law",Her first step was to contact a solicitor for advice.,5,2024-05-23,2222-02-02,2
,2023-01-11,merchant,"c1a person who buys and sells goods in large quantities, especially one who imports and exports goods",Venice was once a city of rich merchants.,5,2024-05-23,2222-02-02,2
,2023-01-11,prestigious,respected and admired as very important or of very high quality,a highly prestigious university,5,2024-05-23,2222-02-02,-1
,2023-01-11,anchor,a heavy metal object that is attached to a rope or chain and dropped over the side of a ship or boat to keep it in one place/a person or thing that gives somebody a feeling of safety,We raised the anchor and set sail. /the anchor of the family,5,2024-05-23,2222-02-02,1
,2023-01-11,seldom,(literary)not often,"Now that we have a baby, we seldom get the chance to go to the cinema.",5,2024-05-23,2222-02-02,2
,2023-01-11,appoint,to choose somebody for a job or position of responsibility,appoint somebody They have appointed a new head teacher at my son's school.,5,2024-05-23,2222-02-02,2
,2023-01-11,portray,c1portray somebody/somethingto show somebody/something in a picture; to describe somebody/something in a piece of writing,The painting portrays the duke’s third wife.,5,2024-05-23,2222-02-02,0
,2023-01-11,differentiate,to recognize or show that two things are not the same,differentiate (between) A and B It's difficult to differentiate between the two varieties.,5,2024-05-23,2222-02-02,0
,2023-01-11,grin,to smile widely,They grinned with delight when they heard our news.,5,2024-05-23,2222-02-02,1
,2023-01-12,carve,"to make objects, patterns, etc. by cutting away material from a piece of wood or stone, or another hard material",He carved her name on a tree.,5,2024-05-23,2222-02-02,-1
,2023-01-12,coincide,to take place at the same time,It's a pity our trips to New York don't coincide.,5,2024-05-23,2222-02-02,2
,2023-01-12,dip,to put something quickly into a liquid and take it out again / to go downwards or to a lower level; to make something do this,dip something (into something) He dipped the brush into the paint. / The sun dipped below the horizon.,5,2024-05-23,2222-02-02,-1
,2023-01-12,premise,a statement or an idea that forms the basis for a reasonable line of argument,the basic premise of her argument,5,2024-05-23,2222-02-02,0
,2023-01-12,harassment,the act of annoying or worrying somebody by putting pressure on them or saying or doing unpleasant things to them,workplace/street harassment (= that happens at work/in the street),5,2024-05-23,2222-02-02,0
,2023-01-12,establishment,"an organization, a large institution or a hotel / the people in a society or a profession who have influence and power and who usually do not support change / the act of starting or creating something that is meant to last for a long time",The speaker announced the establishment of a new college.,5,2024-05-23,2222-02-02,0
,2023-01-12,residue,a small amount of something that remains at the end of a process,pesticide residues in fruit and vegetables,5,2024-05-23,2222-02-02,-1
,2023-01-12,realm,"an area of activity, interest or knowledge", in the realm of something in the realm of literature,5,2024-05-23,2222-02-02,-1
,2023-01-12,faculty,a department or group of related departments in a college or university / all the teachers in a faculty of a college or university,the Faculty of Law,5,2024-05-23,2222-02-02,2
,2023-01-12,surgical,used in or connected with surgery,surgical procedures,5,2024-05-23,2222-02-02,1
,2023-01-12,junction,the place where two or more roads or railway lines meet,It was near the junction of City Road and Old Street.,5,2024-05-23,2222-02-02,0
,2023-01-14,worship,"the practice of showing respect for God or a god, by saying prayers, singing with others, etc.; a ceremony for this / a strong feeling of love and respect for somebody/something",an act/a place of worship / What she feels for him is akin to worship.,5,2024-05-23,2222-02-02,0
,2023-01-14,validity,"the quality of being based on truth or reason, or of being able to be accepted: / 
the fact of having legal force, or being legally acceptable:",This research seems to give/lend some validity to the theory that the drug might cause cancer. /A computer system will check the validity of the insurance details of the person taxing the car.,5,2024-05-23,2222-02-02,-1
,2023-01-14,disrupt,to make it difficult for something to continue in the normal way / ,Demonstrators succeeded in disrupting the meeting.,5,2024-05-23,2222-02-02,0
,2023-01-14,contend,"to say that something is true, especially in an argument / to compete against somebody in order to gain something",I would contend that the minister's thinking is flawed on this point. / Three armed groups were contending for power.,5,2024-05-23,2222-02-02,1
,2023-01-14,closure,"the situation when a factory, school, hospital, etc. shuts permanently/",The hospital has been threatened with closure.,5,2024-05-23,2222-02-02,-1
,2023-01-14,substantial,"large in amount, value or importance",substantial sums of money,5,2024-05-23,2222-02-02,-1
,2023-01-14,designate,to say officially that somebody/something has a particular character or name; to describe somebody/something in a particular way,be designated (as) something This area has been designated (as) a National Park.,5,2024-05-23,2222-02-02,1
,2023-01-14,divert,"to make somebody/something change direction / c1[often passive]to use money, materials, etc. for a different purpose from their original purpose / to take somebody’s thoughts or attention away from something",be diverted The course of the stream has now been diverted. /  be diverted (from something) (to/into something) More of the budget was diverted into promotions. / The war diverted people's attention away from the economic situation.,5,2024-05-23,2222-02-02,0
,2023-01-14,favourable,making people have a good opinion of somebody/something,She made a favourable impression on his parents.,5,2024-05-23,2222-02-02,0
,2023-01-14,eternal,without an end; existing or continuing forever,the promise of eternal life in heaven,5,2024-05-23,2222-02-02,1
,2023-01-14,vicious,violent and cruel,a vicious attack,5,2024-05-23,2222-02-02,2
,2023-01-14,bail,"money that somebody agrees to pay if a person accused of a crime does not appear at their trial. When bail has been arranged, the accused person is allowed to go free until the trial.",She was released on £2 000 bail.,5,2024-05-23,2222-02-02,0
,2023-01-14,atrocity,"a cruel and violent act, especially in a war","In the war, both sides committed atrocities.",5,2024-05-23,2222-02-02,0
,2023-01-14,homeland,the country where a person was born,Many refugees have been forced to flee their homeland.,5,2024-05-23,2222-02-02,1
,2023-01-14,confine,"to keep somebody/something inside the limits of a particular activity, subject, area, etc.",The work will not be confined to the Glasgow area.,5,2024-05-23,2222-02-02,0
,2023-01-14,contradiction,"a lack of agreement between facts, opinions, actions, etc.",There is a contradiction between the two sets of figures.,5,2024-05-23,2222-02-02,0
,2023-01-14,immense,extremely large or great,There is still an immense amount of work to be done.,5,2024-05-23,2222-02-02,1
,2023-01-19,commissioner,a member of a commission (= an official group of people who are responsible for controlling something or finding out about something),the Church Commissioners (= the group of people responsible for controlling the financial affairs of the Church of England),5,2024-05-23,2222-02-02,2
,2023-01-19,discretion,the freedom or power to decide what should be done in a particular situation / keep something in secret ,"I'll leave it up to you to use your discretion. / This is confidential, but I know that I can rely on your discretion.",5,2024-05-23,2222-02-02,2
,2023-01-19,exaggerate,"to make something seem larger, better, worse or more important than it really is",The hotel was really filthy and I'm not exaggerating.,5,2024-05-23,2222-02-02,0
,2023-01-19,snap,to break something suddenly with a sharp noise; to be broken in this way / to take a photograph, The wind had snapped the tree in two. /  A passing tourist snapped the incident.,5,2024-05-23,2222-02-02,2
,2023-01-19,whereby,by which; because of which,They have introduced a new system whereby all employees must undergo regular training.,5,2024-05-23,2222-02-02,1
,2023-01-19,evoke,"to bring a feeling, a memory or an image into your mind",The music evoked memories of her youth.,5,2024-05-23,2222-02-02,-1
,2023-01-19,hostage,"a person who is captured and held prisoner by a person or group, and who may be injured or killed if people do not do what the person or group is asking",Three children were taken hostage during the bank robbery.,5,2024-05-23,2222-02-02,0
,2023-01-19,resume,"if you resume an activity, or if it resumes, it begins again or continues after being interrupted",She resumed her career after an interval of six years.,5,2024-05-23,2222-02-02,1
,2023-01-19,distress,a feeling of great worry or unhappiness; great mental pain,The newspaper article caused the actor considerable distress.,5,2024-05-23,2222-02-02,2
,2023-01-19,intervention,action taken to improve or help a situation,calls for government intervention to save the steel industry,5,2024-05-23,2222-02-02,0
,2023-01-19,dumb,temporarily not speaking or refusing to speak,We were all struck dumb with amazement.,5,2024-05-23,2222-02-02,0
,2023-01-19,revelation,"a fact that people are made aware of, especially one that has been secret and is surprising",The company's financial problems followed the revelation of a major fraud scandal.,5,2024-05-23,2222-02-02,2
,2023-01-19,occurrence,something that happens or exists,Vandalism used to be a rare occurrence here.,5,2024-05-23,2222-02-02,0
,2023-01-19,assert,to state clearly and definitely that something is true,The report asserts confidently that the industry will grow.,5,2024-05-23,2222-02-02,2
,2023-01-19,persistent,"determined to do something despite difficulties, especially when other people are against you and think that you are being annoying or unreasonable",She can be very persistent when she wants something.,5,2024-05-23,2222-02-02,1
,2023-01-19,generic,"shared by, including or typical of a whole group of things; not specific",Vine fruit’ is the generic term for currants and raisins.,5,2024-05-23,2222-02-02,0
,2023-01-19,gambling,"the activity of playing games of chance for money and of betting on horses, etc.",The police are trying to stop all illegal gambling.,5,2024-05-23,2222-02-02,0
,2023-01-19,density,the quality of being dense; the degree to which something is dense,The population density in this city is very high.,5,2024-05-23,2222-02-02,2
,2023-01-19,intermediate,"located between two places, things, states, etc. / having more than a basic knowledge of something but not yet advanced; suitable for somebody who is at this level", intermediate between A and B Liquid crystals are considered to be intermediate between liquid and solid.,5,2024-05-23,2222-02-02,-1
,2023-01-19,entity,something that exists separately from other things and has its own identity,The unit has become part of a larger department and no longer exists as a separate entity.,5,2024-05-23,2222-02-02,2
,2023-01-19,thrive,"to become, and continue to be, successful, strong, healthy, etc.",New businesses thrive in this area.,5,2024-05-23,2222-02-02,0
,2023-01-19,contender,a person or team with a chance of winning a competition,contender (for something) a contender for a gold medal in the Olympics,5,2024-05-23,2222-02-02,2
,2023-01-19,erect,to build something,The church was erected in 1582.,5,2024-05-23,2222-02-02,0
,2023-01-19,refuge,"shelter or protection from danger, trouble, etc.",A further 300 people have taken refuge in the US embassy.,5,2024-05-23,2222-02-02,2
,2023-01-24,succession,a number of people or things that follow each other in time or order,a succession of visitors,5,2024-05-23,2023-01-28,2
,2023-01-24,sue,to make a claim against a person or an organization in court about something that they have said or done to harm you,They threatened to sue if the work was not completed.,3,2023-01-28,2222-02-02,0
,2023-01-24,tighten,"to hold or fix something more securely in position; to make something or become more difficult to move, open or separate", tighten something to tighten a lid/screw/rope/knot,5,2024-05-23,2023-01-28,0
,2023-01-24,reluctant,hesitating before doing something because you do not want to do it or because you are not sure that it is the right thing to do,He finally gave a reluctant smile.,3,2023-01-28,2222-02-02,0
,2023-01-24,diminish,"to become smaller, weaker, etc.; to make something become smaller, weaker, etc. / to make somebody/something seem less important than they really are",The world's resources are rapidly diminishing. / The trial has aged and diminished him.,1,2023-01-28,2222-02-02,0
,2023-01-24,misery,great physical or mental pain / very poor living conditions,Fame brought her nothing but misery. / The vast majority of the population lives in utter misery,4,2023-01-28,2222-02-02,0
,2023-01-24,complication,a thing that makes a situation more complicated or difficult,The bad weather added a further complication to our journey,5,2024-05-23,2023-01-28,0
,2023-01-24,poll,the process of questioning people who are representative of a larger group in order to get information about the general opinion,to carry out/conduct a poll,4,2023-01-28,2222-02-02,0
,2023-01-24,delicate,easily damaged or broken / light and pleasant; not strong /showing or needing careful or sensitive treatment / made or formed in a very careful and detailed way,delicate china teacups / a river scene painted in delicate watercolours / a delicate problem / the delicate mechanisms of a clock,2,2023-01-28,2222-02-02,0
,2023-01-24,yield,"the total amount of crops, profits, etc. that are produced",a high crop yield,2,2023-01-28,2222-02-02,0
,2023-01-24,justification,a good reason why something exists or is done,I can see no possible justification for any further tax increases.,2,2023-01-28,2222-02-02,0
,2023-01-24,dissolve,to mix with a liquid and become part of it,Salt dissolves in water.,4,2023-01-28,2222-02-02,0
,2023-01-24,stem,"the main long, thin part of a plant above the ground from which the leaves or flowers grow; a smaller part that grows from this and supports flowers or leaves","long, trailing stems of ivy",4,2023-01-28,2222-02-02,0
,2023-01-24,merger,the act of joining two or more organizations or businesses into one,"If the merger goes through, thousands of jobs will be lost",4,2023-01-28,2222-02-02,0
,2023-01-24,distinctive,having a quality or characteristic that makes something different and easily noticed,clothes with a distinctive style,3,2023-01-28,2222-02-02,0
,2023-01-24,compassion,a strong feeling of sympathy for people or animals who are suffering and a desire to help them,to feel/show compassion,4,2023-01-28,2222-02-02,0
,2023-01-24,denounce,"to strongly criticize somebody/something that you think is wrong, illegal, etc.", denounce somebody/something She publicly denounced the government's handling of the crisis.,2,2023-01-28,2222-02-02,0
,2023-01-24,prosperity,"the state of being successful, especially in making money",Our future prosperity depends on economic growth.,2,2023-01-28,2222-02-02,0
,2023-01-24,vibrant,"full of life and energy, very bright and strong",a vibrant city / The room was decorated in vibrant reds and yellows.,3,2023-01-28,2222-02-02,0
,2023-01-24,destructive,causing destruction or damage,The war demonstrated the destructive power of modern weapons,5,2024-05-23,2023-01-28,1
,2023-01-24,soar,"if the value, amount or level of something soars, it rises very quickly",Air pollution will soon soar above safety levels,4,2023-01-28,2222-02-02,0
,2023-01-24,toss,to throw something lightly or carelessly,I tossed the book aside and got up.,4,2023-01-28,2222-02-02,0
,2023-01-24,jurisdiction,the authority that an official organization has to make legal decisions about somebody/something,The English court had no jurisdiction over the defendants.,3,2023-01-28,2222-02-02,0
,2023-01-24,buffer,a thing or person that reduces a shock or protects somebody/something against difficulties,Support from family and friends acts as a buffer against stress.,4,2023-01-28,2222-02-02,0
,2023-01-24,landmark,"an event, a discovery, an invention, etc. that marks an important stage in something",The ceasefire was seen as a major landmark in the fight against terrorism.,3,2023-01-28,2222-02-02,0
,2023-01-24,contempt,the feeling that somebody/something is without value and deserves no respect at all,with contempt She looked at him with contempt.,0,2023-01-28,2222-02-02,0
,2023-01-24,endeavour,"an attempt to do something, especially something new or difficult",There have been great advances in the field of scientific endeavour.,1,2023-01-28,2222-02-02,0
